"","wipo_field","year","freq"
"1","Analysis of biological materials","1980",18
"2","Audio-visual technology","1980",20
"3","Basic communication processes","1980",35
"4","Basic materials chemistry ","1980",45
"5","Biotechnology","1980",24
"6","Chemical engineering","1980",26
"7","Civil engineering","1980",8
"8","Computer technology","1980",24
"9","Control","1980",21
"10","Digital communication","1980",8
"11","Electrical machinery, apparatus, energy","1980",102
"12","Engines, pumps, turbines","1980",76
"13","Environmental technology","1980",23
"14","Food chemistry","1980",2
"15","Furniture, games","1980",1
"16","Handling","1980",8
"17","IT methods for management","1980",0
"18","Machine tools","1980",18
"19","Macromolecular chemistry, polymers","1980",16
"20","Materials, metallurgy","1980",51
"21","Measurement","1980",180
"22","Mechanical elements","1980",47
"23","Medical technology","1980",23
"24","Micro-structural and nano-technology","1980",0
"25","Optics","1980",78
"26","Organic fine chemistry","1980",75
"27","Other consumer goods","1980",10
"28","Other special machines","1980",88
"29","Pharmaceuticals","1980",15
"30","Semiconductors","1980",48
"31","Surface technology, coating","1980",30
"32","Telecommunications","1980",58
"33","Textile and paper machines","1980",2
"34","Thermal processes and apparatus","1980",8
"35","Transport","1980",65
"36","Analysis of biological materials","1981",17
"37","Audio-visual technology","1981",10
"38","Basic communication processes","1981",38
"39","Basic materials chemistry ","1981",45
"40","Biotechnology","1981",29
"41","Chemical engineering","1981",35
"42","Civil engineering","1981",15
"43","Computer technology","1981",29
"44","Control","1981",15
"45","Digital communication","1981",4
"46","Electrical machinery, apparatus, energy","1981",97
"47","Engines, pumps, turbines","1981",56
"48","Environmental technology","1981",24
"49","Food chemistry","1981",2
"50","Furniture, games","1981",2
"51","Handling","1981",5
"52","IT methods for management","1981",0
"53","Machine tools","1981",24
"54","Macromolecular chemistry, polymers","1981",26
"55","Materials, metallurgy","1981",42
"56","Measurement","1981",155
"57","Mechanical elements","1981",36
"58","Medical technology","1981",33
"59","Micro-structural and nano-technology","1981",0
"60","Optics","1981",79
"61","Organic fine chemistry","1981",70
"62","Other consumer goods","1981",8
"63","Other special machines","1981",71
"64","Pharmaceuticals","1981",14
"65","Semiconductors","1981",35
"66","Surface technology, coating","1981",35
"67","Telecommunications","1981",45
"68","Textile and paper machines","1981",3
"69","Thermal processes and apparatus","1981",27
"70","Transport","1981",64
"71","Analysis of biological materials","1982",22
"72","Audio-visual technology","1982",17
"73","Basic communication processes","1982",46
"74","Basic materials chemistry ","1982",49
"75","Biotechnology","1982",27
"76","Chemical engineering","1982",24
"77","Civil engineering","1982",13
"78","Computer technology","1982",18
"79","Control","1982",20
"80","Digital communication","1982",12
"81","Electrical machinery, apparatus, energy","1982",98
"82","Engines, pumps, turbines","1982",73
"83","Environmental technology","1982",12
"84","Food chemistry","1982",5
"85","Furniture, games","1982",0
"86","Handling","1982",5
"87","IT methods for management","1982",0
"88","Machine tools","1982",22
"89","Macromolecular chemistry, polymers","1982",23
"90","Materials, metallurgy","1982",57
"91","Measurement","1982",156
"92","Mechanical elements","1982",34
"93","Medical technology","1982",23
"94","Micro-structural and nano-technology","1982",0
"95","Optics","1982",68
"96","Organic fine chemistry","1982",47
"97","Other consumer goods","1982",7
"98","Other special machines","1982",76
"99","Pharmaceuticals","1982",18
"100","Semiconductors","1982",57
"101","Surface technology, coating","1982",36
"102","Telecommunications","1982",41
"103","Textile and paper machines","1982",2
"104","Thermal processes and apparatus","1982",24
"105","Transport","1982",40
"106","Analysis of biological materials","1983",14
"107","Audio-visual technology","1983",24
"108","Basic communication processes","1983",43
"109","Basic materials chemistry ","1983",54
"110","Biotechnology","1983",50
"111","Chemical engineering","1983",23
"112","Civil engineering","1983",19
"113","Computer technology","1983",29
"114","Control","1983",13
"115","Digital communication","1983",7
"116","Electrical machinery, apparatus, energy","1983",116
"117","Engines, pumps, turbines","1983",77
"118","Environmental technology","1983",20
"119","Food chemistry","1983",1
"120","Furniture, games","1983",3
"121","Handling","1983",7
"122","IT methods for management","1983",1
"123","Machine tools","1983",19
"124","Macromolecular chemistry, polymers","1983",25
"125","Materials, metallurgy","1983",58
"126","Measurement","1983",162
"127","Mechanical elements","1983",36
"128","Medical technology","1983",32
"129","Micro-structural and nano-technology","1983",0
"130","Optics","1983",69
"131","Organic fine chemistry","1983",46
"132","Other consumer goods","1983",4
"133","Other special machines","1983",57
"134","Pharmaceuticals","1983",20
"135","Semiconductors","1983",66
"136","Surface technology, coating","1983",31
"137","Telecommunications","1983",36
"138","Textile and paper machines","1983",8
"139","Thermal processes and apparatus","1983",33
"140","Transport","1983",47
"141","Analysis of biological materials","1984",26
"142","Audio-visual technology","1984",18
"143","Basic communication processes","1984",45
"144","Basic materials chemistry ","1984",57
"145","Biotechnology","1984",46
"146","Chemical engineering","1984",25
"147","Civil engineering","1984",16
"148","Computer technology","1984",23
"149","Control","1984",22
"150","Digital communication","1984",10
"151","Electrical machinery, apparatus, energy","1984",144
"152","Engines, pumps, turbines","1984",87
"153","Environmental technology","1984",26
"154","Food chemistry","1984",2
"155","Furniture, games","1984",3
"156","Handling","1984",10
"157","IT methods for management","1984",0
"158","Machine tools","1984",36
"159","Macromolecular chemistry, polymers","1984",25
"160","Materials, metallurgy","1984",62
"161","Measurement","1984",187
"162","Mechanical elements","1984",43
"163","Medical technology","1984",23
"164","Micro-structural and nano-technology","1984",1
"165","Optics","1984",100
"166","Organic fine chemistry","1984",57
"167","Other consumer goods","1984",13
"168","Other special machines","1984",59
"169","Pharmaceuticals","1984",27
"170","Semiconductors","1984",45
"171","Surface technology, coating","1984",52
"172","Telecommunications","1984",52
"173","Textile and paper machines","1984",5
"174","Thermal processes and apparatus","1984",47
"175","Transport","1984",49
"176","Analysis of biological materials","1985",26
"177","Audio-visual technology","1985",28
"178","Basic communication processes","1985",52
"179","Basic materials chemistry ","1985",55
"180","Biotechnology","1985",31
"181","Chemical engineering","1985",31
"182","Civil engineering","1985",10
"183","Computer technology","1985",21
"184","Control","1985",22
"185","Digital communication","1985",4
"186","Electrical machinery, apparatus, energy","1985",134
"187","Engines, pumps, turbines","1985",86
"188","Environmental technology","1985",19
"189","Food chemistry","1985",5
"190","Furniture, games","1985",1
"191","Handling","1985",15
"192","IT methods for management","1985",0
"193","Machine tools","1985",33
"194","Macromolecular chemistry, polymers","1985",36
"195","Materials, metallurgy","1985",57
"196","Measurement","1985",199
"197","Mechanical elements","1985",45
"198","Medical technology","1985",23
"199","Micro-structural and nano-technology","1985",0
"200","Optics","1985",93
"201","Organic fine chemistry","1985",74
"202","Other consumer goods","1985",6
"203","Other special machines","1985",52
"204","Pharmaceuticals","1985",17
"205","Semiconductors","1985",55
"206","Surface technology, coating","1985",28
"207","Telecommunications","1985",62
"208","Textile and paper machines","1985",3
"209","Thermal processes and apparatus","1985",24
"210","Transport","1985",52
"211","Analysis of biological materials","1986",22
"212","Audio-visual technology","1986",25
"213","Basic communication processes","1986",65
"214","Basic materials chemistry ","1986",42
"215","Biotechnology","1986",54
"216","Chemical engineering","1986",34
"217","Civil engineering","1986",10
"218","Computer technology","1986",36
"219","Control","1986",17
"220","Digital communication","1986",6
"221","Electrical machinery, apparatus, energy","1986",108
"222","Engines, pumps, turbines","1986",72
"223","Environmental technology","1986",24
"224","Food chemistry","1986",4
"225","Furniture, games","1986",0
"226","Handling","1986",15
"227","IT methods for management","1986",0
"228","Machine tools","1986",32
"229","Macromolecular chemistry, polymers","1986",30
"230","Materials, metallurgy","1986",62
"231","Measurement","1986",178
"232","Mechanical elements","1986",28
"233","Medical technology","1986",32
"234","Micro-structural and nano-technology","1986",0
"235","Optics","1986",94
"236","Organic fine chemistry","1986",64
"237","Other consumer goods","1986",5
"238","Other special machines","1986",52
"239","Pharmaceuticals","1986",19
"240","Semiconductors","1986",57
"241","Surface technology, coating","1986",52
"242","Telecommunications","1986",49
"243","Textile and paper machines","1986",6
"244","Thermal processes and apparatus","1986",19
"245","Transport","1986",55
"246","Analysis of biological materials","1987",17
"247","Audio-visual technology","1987",33
"248","Basic communication processes","1987",54
"249","Basic materials chemistry ","1987",43
"250","Biotechnology","1987",70
"251","Chemical engineering","1987",33
"252","Civil engineering","1987",15
"253","Computer technology","1987",50
"254","Control","1987",19
"255","Digital communication","1987",4
"256","Electrical machinery, apparatus, energy","1987",143
"257","Engines, pumps, turbines","1987",76
"258","Environmental technology","1987",20
"259","Food chemistry","1987",2
"260","Furniture, games","1987",0
"261","Handling","1987",11
"262","IT methods for management","1987",0
"263","Machine tools","1987",27
"264","Macromolecular chemistry, polymers","1987",32
"265","Materials, metallurgy","1987",64
"266","Measurement","1987",196
"267","Mechanical elements","1987",48
"268","Medical technology","1987",38
"269","Micro-structural and nano-technology","1987",0
"270","Optics","1987",109
"271","Organic fine chemistry","1987",56
"272","Other consumer goods","1987",7
"273","Other special machines","1987",62
"274","Pharmaceuticals","1987",31
"275","Semiconductors","1987",72
"276","Surface technology, coating","1987",41
"277","Telecommunications","1987",56
"278","Textile and paper machines","1987",2
"279","Thermal processes and apparatus","1987",15
"280","Transport","1987",55
"281","Analysis of biological materials","1988",28
"282","Audio-visual technology","1988",14
"283","Basic communication processes","1988",34
"284","Basic materials chemistry ","1988",22
"285","Biotechnology","1988",67
"286","Chemical engineering","1988",34
"287","Civil engineering","1988",3
"288","Computer technology","1988",28
"289","Control","1988",8
"290","Digital communication","1988",7
"291","Electrical machinery, apparatus, energy","1988",111
"292","Engines, pumps, turbines","1988",92
"293","Environmental technology","1988",26
"294","Food chemistry","1988",1
"295","Furniture, games","1988",3
"296","Handling","1988",9
"297","IT methods for management","1988",0
"298","Machine tools","1988",22
"299","Macromolecular chemistry, polymers","1988",23
"300","Materials, metallurgy","1988",79
"301","Measurement","1988",135
"302","Mechanical elements","1988",30
"303","Medical technology","1988",32
"304","Micro-structural and nano-technology","1988",2
"305","Optics","1988",106
"306","Organic fine chemistry","1988",49
"307","Other consumer goods","1988",5
"308","Other special machines","1988",55
"309","Pharmaceuticals","1988",33
"310","Semiconductors","1988",54
"311","Surface technology, coating","1988",28
"312","Telecommunications","1988",51
"313","Textile and paper machines","1988",6
"314","Thermal processes and apparatus","1988",17
"315","Transport","1988",54
"316","Analysis of biological materials","1989",39
"317","Audio-visual technology","1989",16
"318","Basic communication processes","1989",40
"319","Basic materials chemistry ","1989",43
"320","Biotechnology","1989",78
"321","Chemical engineering","1989",46
"322","Civil engineering","1989",7
"323","Computer technology","1989",62
"324","Control","1989",16
"325","Digital communication","1989",9
"326","Electrical machinery, apparatus, energy","1989",148
"327","Engines, pumps, turbines","1989",84
"328","Environmental technology","1989",41
"329","Food chemistry","1989",2
"330","Furniture, games","1989",4
"331","Handling","1989",14
"332","IT methods for management","1989",0
"333","Machine tools","1989",25
"334","Macromolecular chemistry, polymers","1989",35
"335","Materials, metallurgy","1989",85
"336","Measurement","1989",200
"337","Mechanical elements","1989",50
"338","Medical technology","1989",41
"339","Micro-structural and nano-technology","1989",0
"340","Optics","1989",136
"341","Organic fine chemistry","1989",57
"342","Other consumer goods","1989",5
"343","Other special machines","1989",70
"344","Pharmaceuticals","1989",42
"345","Semiconductors","1989",65
"346","Surface technology, coating","1989",47
"347","Telecommunications","1989",37
"348","Textile and paper machines","1989",4
"349","Thermal processes and apparatus","1989",20
"350","Transport","1989",73
"351","Analysis of biological materials","1990",29
"352","Audio-visual technology","1990",18
"353","Basic communication processes","1990",37
"354","Basic materials chemistry ","1990",47
"355","Biotechnology","1990",77
"356","Chemical engineering","1990",34
"357","Civil engineering","1990",5
"358","Computer technology","1990",52
"359","Control","1990",16
"360","Digital communication","1990",11
"361","Electrical machinery, apparatus, energy","1990",101
"362","Engines, pumps, turbines","1990",61
"363","Environmental technology","1990",24
"364","Food chemistry","1990",0
"365","Furniture, games","1990",2
"366","Handling","1990",10
"367","IT methods for management","1990",0
"368","Machine tools","1990",19
"369","Macromolecular chemistry, polymers","1990",35
"370","Materials, metallurgy","1990",81
"371","Measurement","1990",217
"372","Mechanical elements","1990",46
"373","Medical technology","1990",36
"374","Micro-structural and nano-technology","1990",0
"375","Optics","1990",113
"376","Organic fine chemistry","1990",81
"377","Other consumer goods","1990",12
"378","Other special machines","1990",63
"379","Pharmaceuticals","1990",45
"380","Semiconductors","1990",61
"381","Surface technology, coating","1990",42
"382","Telecommunications","1990",41
"383","Textile and paper machines","1990",3
"384","Thermal processes and apparatus","1990",13
"385","Transport","1990",61
"386","Analysis of biological materials","1991",30
"387","Audio-visual technology","1991",26
"388","Basic communication processes","1991",37
"389","Basic materials chemistry ","1991",45
"390","Biotechnology","1991",115
"391","Chemical engineering","1991",44
"392","Civil engineering","1991",9
"393","Computer technology","1991",39
"394","Control","1991",18
"395","Digital communication","1991",11
"396","Electrical machinery, apparatus, energy","1991",128
"397","Engines, pumps, turbines","1991",81
"398","Environmental technology","1991",38
"399","Food chemistry","1991",4
"400","Furniture, games","1991",3
"401","Handling","1991",14
"402","IT methods for management","1991",1
"403","Machine tools","1991",31
"404","Macromolecular chemistry, polymers","1991",40
"405","Materials, metallurgy","1991",98
"406","Measurement","1991",263
"407","Mechanical elements","1991",39
"408","Medical technology","1991",32
"409","Micro-structural and nano-technology","1991",1
"410","Optics","1991",137
"411","Organic fine chemistry","1991",76
"412","Other consumer goods","1991",3
"413","Other special machines","1991",82
"414","Pharmaceuticals","1991",42
"415","Semiconductors","1991",90
"416","Surface technology, coating","1991",48
"417","Telecommunications","1991",50
"418","Textile and paper machines","1991",4
"419","Thermal processes and apparatus","1991",16
"420","Transport","1991",76
"421","Analysis of biological materials","1992",29
"422","Audio-visual technology","1992",30
"423","Basic communication processes","1992",38
"424","Basic materials chemistry ","1992",52
"425","Biotechnology","1992",151
"426","Chemical engineering","1992",47
"427","Civil engineering","1992",7
"428","Computer technology","1992",52
"429","Control","1992",23
"430","Digital communication","1992",9
"431","Electrical machinery, apparatus, energy","1992",131
"432","Engines, pumps, turbines","1992",114
"433","Environmental technology","1992",37
"434","Food chemistry","1992",4
"435","Furniture, games","1992",3
"436","Handling","1992",21
"437","IT methods for management","1992",0
"438","Machine tools","1992",27
"439","Macromolecular chemistry, polymers","1992",66
"440","Materials, metallurgy","1992",93
"441","Measurement","1992",252
"442","Mechanical elements","1992",42
"443","Medical technology","1992",49
"444","Micro-structural and nano-technology","1992",2
"445","Optics","1992",158
"446","Organic fine chemistry","1992",102
"447","Other consumer goods","1992",4
"448","Other special machines","1992",75
"449","Pharmaceuticals","1992",56
"450","Semiconductors","1992",88
"451","Surface technology, coating","1992",67
"452","Telecommunications","1992",48
"453","Textile and paper machines","1992",12
"454","Thermal processes and apparatus","1992",20
"455","Transport","1992",60
"456","Analysis of biological materials","1993",39
"457","Audio-visual technology","1993",27
"458","Basic communication processes","1993",30
"459","Basic materials chemistry ","1993",51
"460","Biotechnology","1993",221
"461","Chemical engineering","1993",43
"462","Civil engineering","1993",18
"463","Computer technology","1993",67
"464","Control","1993",14
"465","Digital communication","1993",9
"466","Electrical machinery, apparatus, energy","1993",127
"467","Engines, pumps, turbines","1993",113
"468","Environmental technology","1993",40
"469","Food chemistry","1993",8
"470","Furniture, games","1993",5
"471","Handling","1993",18
"472","IT methods for management","1993",1
"473","Machine tools","1993",36
"474","Macromolecular chemistry, polymers","1993",47
"475","Materials, metallurgy","1993",72
"476","Measurement","1993",235
"477","Mechanical elements","1993",33
"478","Medical technology","1993",41
"479","Micro-structural and nano-technology","1993",3
"480","Optics","1993",128
"481","Organic fine chemistry","1993",109
"482","Other consumer goods","1993",11
"483","Other special machines","1993",67
"484","Pharmaceuticals","1993",76
"485","Semiconductors","1993",97
"486","Surface technology, coating","1993",51
"487","Telecommunications","1993",56
"488","Textile and paper machines","1993",7
"489","Thermal processes and apparatus","1993",14
"490","Transport","1993",86
"491","Analysis of biological materials","1994",48
"492","Audio-visual technology","1994",30
"493","Basic communication processes","1994",43
"494","Basic materials chemistry ","1994",42
"495","Biotechnology","1994",205
"496","Chemical engineering","1994",47
"497","Civil engineering","1994",15
"498","Computer technology","1994",68
"499","Control","1994",21
"500","Digital communication","1994",14
"501","Electrical machinery, apparatus, energy","1994",138
"502","Engines, pumps, turbines","1994",96
"503","Environmental technology","1994",68
"504","Food chemistry","1994",2
"505","Furniture, games","1994",4
"506","Handling","1994",20
"507","IT methods for management","1994",1
"508","Machine tools","1994",31
"509","Macromolecular chemistry, polymers","1994",40
"510","Materials, metallurgy","1994",80
"511","Measurement","1994",250
"512","Mechanical elements","1994",59
"513","Medical technology","1994",58
"514","Micro-structural and nano-technology","1994",2
"515","Optics","1994",145
"516","Organic fine chemistry","1994",113
"517","Other consumer goods","1994",12
"518","Other special machines","1994",74
"519","Pharmaceuticals","1994",75
"520","Semiconductors","1994",129
"521","Surface technology, coating","1994",66
"522","Telecommunications","1994",64
"523","Textile and paper machines","1994",12
"524","Thermal processes and apparatus","1994",17
"525","Transport","1994",64
"526","Analysis of biological materials","1995",46
"527","Audio-visual technology","1995",23
"528","Basic communication processes","1995",45
"529","Basic materials chemistry ","1995",45
"530","Biotechnology","1995",261
"531","Chemical engineering","1995",38
"532","Civil engineering","1995",12
"533","Computer technology","1995",54
"534","Control","1995",19
"535","Digital communication","1995",12
"536","Electrical machinery, apparatus, energy","1995",147
"537","Engines, pumps, turbines","1995",81
"538","Environmental technology","1995",37
"539","Food chemistry","1995",6
"540","Furniture, games","1995",1
"541","Handling","1995",12
"542","IT methods for management","1995",0
"543","Machine tools","1995",22
"544","Macromolecular chemistry, polymers","1995",33
"545","Materials, metallurgy","1995",80
"546","Measurement","1995",249
"547","Mechanical elements","1995",30
"548","Medical technology","1995",29
"549","Micro-structural and nano-technology","1995",4
"550","Optics","1995",98
"551","Organic fine chemistry","1995",120
"552","Other consumer goods","1995",3
"553","Other special machines","1995",64
"554","Pharmaceuticals","1995",77
"555","Semiconductors","1995",130
"556","Surface technology, coating","1995",58
"557","Telecommunications","1995",55
"558","Textile and paper machines","1995",10
"559","Thermal processes and apparatus","1995",13
"560","Transport","1995",67
"561","Analysis of biological materials","1996",61
"562","Audio-visual technology","1996",23
"563","Basic communication processes","1996",37
"564","Basic materials chemistry ","1996",48
"565","Biotechnology","1996",374
"566","Chemical engineering","1996",51
"567","Civil engineering","1996",12
"568","Computer technology","1996",78
"569","Control","1996",25
"570","Digital communication","1996",12
"571","Electrical machinery, apparatus, energy","1996",148
"572","Engines, pumps, turbines","1996",59
"573","Environmental technology","1996",43
"574","Food chemistry","1996",4
"575","Furniture, games","1996",6
"576","Handling","1996",8
"577","IT methods for management","1996",2
"578","Machine tools","1996",16
"579","Macromolecular chemistry, polymers","1996",49
"580","Materials, metallurgy","1996",77
"581","Measurement","1996",248
"582","Mechanical elements","1996",33
"583","Medical technology","1996",51
"584","Micro-structural and nano-technology","1996",1
"585","Optics","1996",117
"586","Organic fine chemistry","1996",160
"587","Other consumer goods","1996",11
"588","Other special machines","1996",40
"589","Pharmaceuticals","1996",125
"590","Semiconductors","1996",89
"591","Surface technology, coating","1996",60
"592","Telecommunications","1996",52
"593","Textile and paper machines","1996",5
"594","Thermal processes and apparatus","1996",11
"595","Transport","1996",52
"596","Analysis of biological materials","1997",83
"597","Audio-visual technology","1997",35
"598","Basic communication processes","1997",20
"599","Basic materials chemistry ","1997",71
"600","Biotechnology","1997",599
"601","Chemical engineering","1997",54
"602","Civil engineering","1997",16
"603","Computer technology","1997",73
"604","Control","1997",24
"605","Digital communication","1997",8
"606","Electrical machinery, apparatus, energy","1997",130
"607","Engines, pumps, turbines","1997",74
"608","Environmental technology","1997",54
"609","Food chemistry","1997",9
"610","Furniture, games","1997",5
"611","Handling","1997",10
"612","IT methods for management","1997",0
"613","Machine tools","1997",26
"614","Macromolecular chemistry, polymers","1997",34
"615","Materials, metallurgy","1997",84
"616","Measurement","1997",233
"617","Mechanical elements","1997",24
"618","Medical technology","1997",58
"619","Micro-structural and nano-technology","1997",3
"620","Optics","1997",137
"621","Organic fine chemistry","1997",161
"622","Other consumer goods","1997",10
"623","Other special machines","1997",74
"624","Pharmaceuticals","1997",142
"625","Semiconductors","1997",116
"626","Surface technology, coating","1997",61
"627","Telecommunications","1997",44
"628","Textile and paper machines","1997",4
"629","Thermal processes and apparatus","1997",10
"630","Transport","1997",63
"631","Analysis of biological materials","1998",144
"632","Audio-visual technology","1998",50
"633","Basic communication processes","1998",34
"634","Basic materials chemistry ","1998",48
"635","Biotechnology","1998",827
"636","Chemical engineering","1998",81
"637","Civil engineering","1998",16
"638","Computer technology","1998",115
"639","Control","1998",13
"640","Digital communication","1998",9
"641","Electrical machinery, apparatus, energy","1998",169
"642","Engines, pumps, turbines","1998",71
"643","Environmental technology","1998",56
"644","Food chemistry","1998",11
"645","Furniture, games","1998",3
"646","Handling","1998",7
"647","IT methods for management","1998",10
"648","Machine tools","1998",22
"649","Macromolecular chemistry, polymers","1998",41
"650","Materials, metallurgy","1998",95
"651","Measurement","1998",303
"652","Mechanical elements","1998",40
"653","Medical technology","1998",87
"654","Micro-structural and nano-technology","1998",9
"655","Optics","1998",160
"656","Organic fine chemistry","1998",177
"657","Other consumer goods","1998",12
"658","Other special machines","1998",77
"659","Pharmaceuticals","1998",172
"660","Semiconductors","1998",134
"661","Surface technology, coating","1998",68
"662","Telecommunications","1998",64
"663","Textile and paper machines","1998",12
"664","Thermal processes and apparatus","1998",25
"665","Transport","1998",61
"666","Analysis of biological materials","1999",125
"667","Audio-visual technology","1999",50
"668","Basic communication processes","1999",31
"669","Basic materials chemistry ","1999",53
"670","Biotechnology","1999",840
"671","Chemical engineering","1999",84
"672","Civil engineering","1999",21
"673","Computer technology","1999",126
"674","Control","1999",13
"675","Digital communication","1999",18
"676","Electrical machinery, apparatus, energy","1999",219
"677","Engines, pumps, turbines","1999",72
"678","Environmental technology","1999",62
"679","Food chemistry","1999",11
"680","Furniture, games","1999",3
"681","Handling","1999",10
"682","IT methods for management","1999",4
"683","Machine tools","1999",28
"684","Macromolecular chemistry, polymers","1999",44
"685","Materials, metallurgy","1999",95
"686","Measurement","1999",287
"687","Mechanical elements","1999",56
"688","Medical technology","1999",73
"689","Micro-structural and nano-technology","1999",14
"690","Optics","1999",156
"691","Organic fine chemistry","1999",138
"692","Other consumer goods","1999",15
"693","Other special machines","1999",75
"694","Pharmaceuticals","1999",207
"695","Semiconductors","1999",157
"696","Surface technology, coating","1999",66
"697","Telecommunications","1999",62
"698","Textile and paper machines","1999",12
"699","Thermal processes and apparatus","1999",15
"700","Transport","1999",63
"701","Analysis of biological materials","2000",104
"702","Audio-visual technology","2000",46
"703","Basic communication processes","2000",18
"704","Basic materials chemistry ","2000",43
"705","Biotechnology","2000",754
"706","Chemical engineering","2000",76
"707","Civil engineering","2000",9
"708","Computer technology","2000",99
"709","Control","2000",21
"710","Digital communication","2000",27
"711","Electrical machinery, apparatus, energy","2000",214
"712","Engines, pumps, turbines","2000",83
"713","Environmental technology","2000",64
"714","Food chemistry","2000",14
"715","Furniture, games","2000",2
"716","Handling","2000",13
"717","IT methods for management","2000",4
"718","Machine tools","2000",27
"719","Macromolecular chemistry, polymers","2000",38
"720","Materials, metallurgy","2000",96
"721","Measurement","2000",296
"722","Mechanical elements","2000",43
"723","Medical technology","2000",94
"724","Micro-structural and nano-technology","2000",19
"725","Optics","2000",183
"726","Organic fine chemistry","2000",153
"727","Other consumer goods","2000",9
"728","Other special machines","2000",87
"729","Pharmaceuticals","2000",188
"730","Semiconductors","2000",147
"731","Surface technology, coating","2000",80
"732","Telecommunications","2000",68
"733","Textile and paper machines","2000",7
"734","Thermal processes and apparatus","2000",16
"735","Transport","2000",68
"736","Analysis of biological materials","2001",155
"737","Audio-visual technology","2001",56
"738","Basic communication processes","2001",31
"739","Basic materials chemistry ","2001",61
"740","Biotechnology","2001",743
"741","Chemical engineering","2001",80
"742","Civil engineering","2001",18
"743","Computer technology","2001",115
"744","Control","2001",32
"745","Digital communication","2001",32
"746","Electrical machinery, apparatus, energy","2001",216
"747","Engines, pumps, turbines","2001",93
"748","Environmental technology","2001",60
"749","Food chemistry","2001",12
"750","Furniture, games","2001",0
"751","Handling","2001",16
"752","IT methods for management","2001",5
"753","Machine tools","2001",42
"754","Macromolecular chemistry, polymers","2001",51
"755","Materials, metallurgy","2001",105
"756","Measurement","2001",310
"757","Mechanical elements","2001",46
"758","Medical technology","2001",102
"759","Micro-structural and nano-technology","2001",23
"760","Optics","2001",182
"761","Organic fine chemistry","2001",151
"762","Other consumer goods","2001",11
"763","Other special machines","2001",81
"764","Pharmaceuticals","2001",201
"765","Semiconductors","2001",178
"766","Surface technology, coating","2001",82
"767","Telecommunications","2001",63
"768","Textile and paper machines","2001",8
"769","Thermal processes and apparatus","2001",17
"770","Transport","2001",86
"771","Analysis of biological materials","2002",132
"772","Audio-visual technology","2002",46
"773","Basic communication processes","2002",30
"774","Basic materials chemistry ","2002",49
"775","Biotechnology","2002",700
"776","Chemical engineering","2002",71
"777","Civil engineering","2002",19
"778","Computer technology","2002",113
"779","Control","2002",21
"780","Digital communication","2002",27
"781","Electrical machinery, apparatus, energy","2002",224
"782","Engines, pumps, turbines","2002",145
"783","Environmental technology","2002",58
"784","Food chemistry","2002",8
"785","Furniture, games","2002",6
"786","Handling","2002",10
"787","IT methods for management","2002",4
"788","Machine tools","2002",43
"789","Macromolecular chemistry, polymers","2002",52
"790","Materials, metallurgy","2002",111
"791","Measurement","2002",373
"792","Mechanical elements","2002",54
"793","Medical technology","2002",124
"794","Micro-structural and nano-technology","2002",27
"795","Optics","2002",193
"796","Organic fine chemistry","2002",172
"797","Other consumer goods","2002",6
"798","Other special machines","2002",108
"799","Pharmaceuticals","2002",223
"800","Semiconductors","2002",164
"801","Surface technology, coating","2002",93
"802","Telecommunications","2002",68
"803","Textile and paper machines","2002",13
"804","Thermal processes and apparatus","2002",21
"805","Transport","2002",70
"806","Analysis of biological materials","2003",138
"807","Audio-visual technology","2003",43
"808","Basic communication processes","2003",31
"809","Basic materials chemistry ","2003",69
"810","Biotechnology","2003",616
"811","Chemical engineering","2003",91
"812","Civil engineering","2003",20
"813","Computer technology","2003",117
"814","Control","2003",30
"815","Digital communication","2003",25
"816","Electrical machinery, apparatus, energy","2003",223
"817","Engines, pumps, turbines","2003",86
"818","Environmental technology","2003",56
"819","Food chemistry","2003",9
"820","Furniture, games","2003",6
"821","Handling","2003",14
"822","IT methods for management","2003",12
"823","Machine tools","2003",39
"824","Macromolecular chemistry, polymers","2003",49
"825","Materials, metallurgy","2003",97
"826","Measurement","2003",380
"827","Mechanical elements","2003",33
"828","Medical technology","2003",129
"829","Micro-structural and nano-technology","2003",29
"830","Optics","2003",209
"831","Organic fine chemistry","2003",180
"832","Other consumer goods","2003",7
"833","Other special machines","2003",91
"834","Pharmaceuticals","2003",179
"835","Semiconductors","2003",168
"836","Surface technology, coating","2003",86
"837","Telecommunications","2003",53
"838","Textile and paper machines","2003",11
"839","Thermal processes and apparatus","2003",19
"840","Transport","2003",72
"841","Analysis of biological materials","2004",138
"842","Audio-visual technology","2004",37
"843","Basic communication processes","2004",31
"844","Basic materials chemistry ","2004",50
"845","Biotechnology","2004",577
"846","Chemical engineering","2004",122
"847","Civil engineering","2004",19
"848","Computer technology","2004",159
"849","Control","2004",29
"850","Digital communication","2004",58
"851","Electrical machinery, apparatus, energy","2004",213
"852","Engines, pumps, turbines","2004",77
"853","Environmental technology","2004",60
"854","Food chemistry","2004",9
"855","Furniture, games","2004",6
"856","Handling","2004",9
"857","IT methods for management","2004",5
"858","Machine tools","2004",33
"859","Macromolecular chemistry, polymers","2004",37
"860","Materials, metallurgy","2004",94
"861","Measurement","2004",343
"862","Mechanical elements","2004",35
"863","Medical technology","2004",108
"864","Micro-structural and nano-technology","2004",43
"865","Optics","2004",193
"866","Organic fine chemistry","2004",135
"867","Other consumer goods","2004",11
"868","Other special machines","2004",86
"869","Pharmaceuticals","2004",157
"870","Semiconductors","2004",127
"871","Surface technology, coating","2004",82
"872","Telecommunications","2004",84
"873","Textile and paper machines","2004",13
"874","Thermal processes and apparatus","2004",29
"875","Transport","2004",70
"876","Analysis of biological materials","2005",127
"877","Audio-visual technology","2005",45
"878","Basic communication processes","2005",44
"879","Basic materials chemistry ","2005",53
"880","Biotechnology","2005",492
"881","Chemical engineering","2005",91
"882","Civil engineering","2005",15
"883","Computer technology","2005",133
"884","Control","2005",27
"885","Digital communication","2005",60
"886","Electrical machinery, apparatus, energy","2005",188
"887","Engines, pumps, turbines","2005",102
"888","Environmental technology","2005",39
"889","Food chemistry","2005",1
"890","Furniture, games","2005",5
"891","Handling","2005",6
"892","IT methods for management","2005",7
"893","Machine tools","2005",32
"894","Macromolecular chemistry, polymers","2005",40
"895","Materials, metallurgy","2005",84
"896","Measurement","2005",311
"897","Mechanical elements","2005",34
"898","Medical technology","2005",95
"899","Micro-structural and nano-technology","2005",33
"900","Optics","2005",182
"901","Organic fine chemistry","2005",145
"902","Other consumer goods","2005",5
"903","Other special machines","2005",88
"904","Pharmaceuticals","2005",145
"905","Semiconductors","2005",141
"906","Surface technology, coating","2005",81
"907","Telecommunications","2005",73
"908","Textile and paper machines","2005",6
"909","Thermal processes and apparatus","2005",27
"910","Transport","2005",87
"911","Analysis of biological materials","2006",164
"912","Audio-visual technology","2006",45
"913","Basic communication processes","2006",55
"914","Basic materials chemistry ","2006",88
"915","Biotechnology","2006",664
"916","Chemical engineering","2006",100
"917","Civil engineering","2006",22
"918","Computer technology","2006",194
"919","Control","2006",41
"920","Digital communication","2006",81
"921","Electrical machinery, apparatus, energy","2006",211
"922","Engines, pumps, turbines","2006",117
"923","Environmental technology","2006",60
"924","Food chemistry","2006",5
"925","Furniture, games","2006",6
"926","Handling","2006",6
"927","IT methods for management","2006",13
"928","Machine tools","2006",37
"929","Macromolecular chemistry, polymers","2006",49
"930","Materials, metallurgy","2006",81
"931","Measurement","2006",429
"932","Mechanical elements","2006",42
"933","Medical technology","2006",102
"934","Micro-structural and nano-technology","2006",42
"935","Optics","2006",188
"936","Organic fine chemistry","2006",194
"937","Other consumer goods","2006",6
"938","Other special machines","2006",80
"939","Pharmaceuticals","2006",197
"940","Semiconductors","2006",156
"941","Surface technology, coating","2006",61
"942","Telecommunications","2006",89
"943","Textile and paper machines","2006",10
"944","Thermal processes and apparatus","2006",17
"945","Transport","2006",84
"946","Analysis of biological materials","2007",168
"947","Audio-visual technology","2007",38
"948","Basic communication processes","2007",60
"949","Basic materials chemistry ","2007",53
"950","Biotechnology","2007",649
"951","Chemical engineering","2007",94
"952","Civil engineering","2007",24
"953","Computer technology","2007",189
"954","Control","2007",30
"955","Digital communication","2007",84
"956","Electrical machinery, apparatus, energy","2007",180
"957","Engines, pumps, turbines","2007",91
"958","Environmental technology","2007",37
"959","Food chemistry","2007",5
"960","Furniture, games","2007",4
"961","Handling","2007",12
"962","IT methods for management","2007",11
"963","Machine tools","2007",22
"964","Macromolecular chemistry, polymers","2007",47
"965","Materials, metallurgy","2007",88
"966","Measurement","2007",422
"967","Mechanical elements","2007",39
"968","Medical technology","2007",108
"969","Micro-structural and nano-technology","2007",37
"970","Optics","2007",171
"971","Organic fine chemistry","2007",149
"972","Other consumer goods","2007",13
"973","Other special machines","2007",80
"974","Pharmaceuticals","2007",149
"975","Semiconductors","2007",194
"976","Surface technology, coating","2007",58
"977","Telecommunications","2007",82
"978","Textile and paper machines","2007",16
"979","Thermal processes and apparatus","2007",18
"980","Transport","2007",59
"981","Analysis of biological materials","2008",174
"982","Audio-visual technology","2008",45
"983","Basic communication processes","2008",60
"984","Basic materials chemistry ","2008",54
"985","Biotechnology","2008",572
"986","Chemical engineering","2008",96
"987","Civil engineering","2008",12
"988","Computer technology","2008",205
"989","Control","2008",34
"990","Digital communication","2008",79
"991","Electrical machinery, apparatus, energy","2008",182
"992","Engines, pumps, turbines","2008",99
"993","Environmental technology","2008",52
"994","Food chemistry","2008",4
"995","Furniture, games","2008",6
"996","Handling","2008",8
"997","IT methods for management","2008",12
"998","Machine tools","2008",28
"999","Macromolecular chemistry, polymers","2008",36
"1000","Materials, metallurgy","2008",68
"1001","Measurement","2008",414
"1002","Mechanical elements","2008",25
"1003","Medical technology","2008",130
"1004","Micro-structural and nano-technology","2008",44
"1005","Optics","2008",173
"1006","Organic fine chemistry","2008",154
"1007","Other consumer goods","2008",7
"1008","Other special machines","2008",91
"1009","Pharmaceuticals","2008",142
"1010","Semiconductors","2008",151
"1011","Surface technology, coating","2008",55
"1012","Telecommunications","2008",99
"1013","Textile and paper machines","2008",10
"1014","Thermal processes and apparatus","2008",18
"1015","Transport","2008",66
"1016","Analysis of biological materials","2009",183
"1017","Audio-visual technology","2009",67
"1018","Basic communication processes","2009",59
"1019","Basic materials chemistry ","2009",59
"1020","Biotechnology","2009",656
"1021","Chemical engineering","2009",113
"1022","Civil engineering","2009",33
"1023","Computer technology","2009",248
"1024","Control","2009",27
"1025","Digital communication","2009",126
"1026","Electrical machinery, apparatus, energy","2009",201
"1027","Engines, pumps, turbines","2009",113
"1028","Environmental technology","2009",59
"1029","Food chemistry","2009",8
"1030","Furniture, games","2009",2
"1031","Handling","2009",11
"1032","IT methods for management","2009",20
"1033","Machine tools","2009",27
"1034","Macromolecular chemistry, polymers","2009",42
"1035","Materials, metallurgy","2009",116
"1036","Measurement","2009",412
"1037","Mechanical elements","2009",38
"1038","Medical technology","2009",123
"1039","Micro-structural and nano-technology","2009",43
"1040","Optics","2009",161
"1041","Organic fine chemistry","2009",183
"1042","Other consumer goods","2009",5
"1043","Other special machines","2009",102
"1044","Pharmaceuticals","2009",190
"1045","Semiconductors","2009",215
"1046","Surface technology, coating","2009",59
"1047","Telecommunications","2009",101
"1048","Textile and paper machines","2009",18
"1049","Thermal processes and apparatus","2009",10
"1050","Transport","2009",66
"1051","Analysis of biological materials","2010",322
"1052","Audio-visual technology","2010",60
"1053","Basic communication processes","2010",75
"1054","Basic materials chemistry ","2010",124
"1055","Biotechnology","2010",840
"1056","Chemical engineering","2010",139
"1057","Civil engineering","2010",33
"1058","Computer technology","2010",362
"1059","Control","2010",36
"1060","Digital communication","2010",164
"1061","Electrical machinery, apparatus, energy","2010",269
"1062","Engines, pumps, turbines","2010",127
"1063","Environmental technology","2010",66
"1064","Food chemistry","2010",8
"1065","Furniture, games","2010",4
"1066","Handling","2010",21
"1067","IT methods for management","2010",23
"1068","Machine tools","2010",37
"1069","Macromolecular chemistry, polymers","2010",78
"1070","Materials, metallurgy","2010",144
"1071","Measurement","2010",514
"1072","Mechanical elements","2010",31
"1073","Medical technology","2010",211
"1074","Micro-structural and nano-technology","2010",62
"1075","Optics","2010",207
"1076","Organic fine chemistry","2010",237
"1077","Other consumer goods","2010",9
"1078","Other special machines","2010",114
"1079","Pharmaceuticals","2010",272
"1080","Semiconductors","2010",279
"1081","Surface technology, coating","2010",95
"1082","Telecommunications","2010",109
"1083","Textile and paper machines","2010",21
"1084","Thermal processes and apparatus","2010",12
"1085","Transport","2010",90
"1086","Analysis of biological materials","2011",272
"1087","Audio-visual technology","2011",61
"1088","Basic communication processes","2011",98
"1089","Basic materials chemistry ","2011",130
"1090","Biotechnology","2011",801
"1091","Chemical engineering","2011",145
"1092","Civil engineering","2011",17
"1093","Computer technology","2011",415
"1094","Control","2011",47
"1095","Digital communication","2011",152
"1096","Electrical machinery, apparatus, energy","2011",271
"1097","Engines, pumps, turbines","2011",145
"1098","Environmental technology","2011",80
"1099","Food chemistry","2011",8
"1100","Furniture, games","2011",8
"1101","Handling","2011",26
"1102","IT methods for management","2011",27
"1103","Machine tools","2011",46
"1104","Macromolecular chemistry, polymers","2011",75
"1105","Materials, metallurgy","2011",124
"1106","Measurement","2011",515
"1107","Mechanical elements","2011",57
"1108","Medical technology","2011",249
"1109","Micro-structural and nano-technology","2011",62
"1110","Optics","2011",180
"1111","Organic fine chemistry","2011",220
"1112","Other consumer goods","2011",9
"1113","Other special machines","2011",131
"1114","Pharmaceuticals","2011",301
"1115","Semiconductors","2011",287
"1116","Surface technology, coating","2011",78
"1117","Telecommunications","2011",102
"1118","Textile and paper machines","2011",20
"1119","Thermal processes and apparatus","2011",12
"1120","Transport","2011",96
"1121","Analysis of biological materials","2012",269
"1122","Audio-visual technology","2012",85
"1123","Basic communication processes","2012",71
"1124","Basic materials chemistry ","2012",137
"1125","Biotechnology","2012",852
"1126","Chemical engineering","2012",154
"1127","Civil engineering","2012",29
"1128","Computer technology","2012",576
"1129","Control","2012",67
"1130","Digital communication","2012",170
"1131","Electrical machinery, apparatus, energy","2012",291
"1132","Engines, pumps, turbines","2012",203
"1133","Environmental technology","2012",94
"1134","Food chemistry","2012",8
"1135","Furniture, games","2012",6
"1136","Handling","2012",22
"1137","IT methods for management","2012",38
"1138","Machine tools","2012",44
"1139","Macromolecular chemistry, polymers","2012",68
"1140","Materials, metallurgy","2012",159
"1141","Measurement","2012",590
"1142","Mechanical elements","2012",48
"1143","Medical technology","2012",301
"1144","Micro-structural and nano-technology","2012",54
"1145","Optics","2012",207
"1146","Organic fine chemistry","2012",307
"1147","Other consumer goods","2012",11
"1148","Other special machines","2012",175
"1149","Pharmaceuticals","2012",379
"1150","Semiconductors","2012",285
"1151","Surface technology, coating","2012",91
"1152","Telecommunications","2012",140
"1153","Textile and paper machines","2012",25
"1154","Thermal processes and apparatus","2012",22
"1155","Transport","2012",129
"1156","Analysis of biological materials","2013",293
"1157","Audio-visual technology","2013",94
"1158","Basic communication processes","2013",83
"1159","Basic materials chemistry ","2013",164
"1160","Biotechnology","2013",883
"1161","Chemical engineering","2013",159
"1162","Civil engineering","2013",21
"1163","Computer technology","2013",574
"1164","Control","2013",66
"1165","Digital communication","2013",141
"1166","Electrical machinery, apparatus, energy","2013",345
"1167","Engines, pumps, turbines","2013",176
"1168","Environmental technology","2013",83
"1169","Food chemistry","2013",11
"1170","Furniture, games","2013",4
"1171","Handling","2013",37
"1172","IT methods for management","2013",39
"1173","Machine tools","2013",60
"1174","Macromolecular chemistry, polymers","2013",86
"1175","Materials, metallurgy","2013",149
"1176","Measurement","2013",601
"1177","Mechanical elements","2013",51
"1178","Medical technology","2013",350
"1179","Micro-structural and nano-technology","2013",51
"1180","Optics","2013",221
"1181","Organic fine chemistry","2013",356
"1182","Other consumer goods","2013",13
"1183","Other special machines","2013",182
"1184","Pharmaceuticals","2013",482
"1185","Semiconductors","2013",339
"1186","Surface technology, coating","2013",116
"1187","Telecommunications","2013",147
"1188","Textile and paper machines","2013",30
"1189","Thermal processes and apparatus","2013",27
"1190","Transport","2013",122
"1191","Analysis of biological materials","2014",281
"1192","Audio-visual technology","2014",81
"1193","Basic communication processes","2014",87
"1194","Basic materials chemistry ","2014",173
"1195","Biotechnology","2014",997
"1196","Chemical engineering","2014",165
"1197","Civil engineering","2014",23
"1198","Computer technology","2014",542
"1199","Control","2014",52
"1200","Digital communication","2014",198
"1201","Electrical machinery, apparatus, energy","2014",401
"1202","Engines, pumps, turbines","2014",204
"1203","Environmental technology","2014",83
"1204","Food chemistry","2014",19
"1205","Furniture, games","2014",12
"1206","Handling","2014",28
"1207","IT methods for management","2014",33
"1208","Machine tools","2014",41
"1209","Macromolecular chemistry, polymers","2014",97
"1210","Materials, metallurgy","2014",130
"1211","Measurement","2014",576
"1212","Mechanical elements","2014",60
"1213","Medical technology","2014",394
"1214","Micro-structural and nano-technology","2014",47
"1215","Optics","2014",233
"1216","Organic fine chemistry","2014",392
"1217","Other consumer goods","2014",13
"1218","Other special machines","2014",142
"1219","Pharmaceuticals","2014",585
"1220","Semiconductors","2014",415
"1221","Surface technology, coating","2014",110
"1222","Telecommunications","2014",135
"1223","Textile and paper machines","2014",28
"1224","Thermal processes and apparatus","2014",38
"1225","Transport","2014",124
"1226","Analysis of biological materials","2015",237
"1227","Audio-visual technology","2015",91
"1228","Basic communication processes","2015",84
"1229","Basic materials chemistry ","2015",151
"1230","Biotechnology","2015",931
"1231","Chemical engineering","2015",183
"1232","Civil engineering","2015",30
"1233","Computer technology","2015",526
"1234","Control","2015",64
"1235","Digital communication","2015",168
"1236","Electrical machinery, apparatus, energy","2015",386
"1237","Engines, pumps, turbines","2015",183
"1238","Environmental technology","2015",80
"1239","Food chemistry","2015",16
"1240","Furniture, games","2015",10
"1241","Handling","2015",35
"1242","IT methods for management","2015",20
"1243","Machine tools","2015",40
"1244","Macromolecular chemistry, polymers","2015",95
"1245","Materials, metallurgy","2015",141
"1246","Measurement","2015",558
"1247","Mechanical elements","2015",61
"1248","Medical technology","2015",393
"1249","Micro-structural and nano-technology","2015",46
"1250","Optics","2015",268
"1251","Organic fine chemistry","2015",416
"1252","Other consumer goods","2015",10
"1253","Other special machines","2015",148
"1254","Pharmaceuticals","2015",643
"1255","Semiconductors","2015",409
"1256","Surface technology, coating","2015",118
"1257","Telecommunications","2015",127
"1258","Textile and paper machines","2015",18
"1259","Thermal processes and apparatus","2015",19
"1260","Transport","2015",109
"1261","Analysis of biological materials","2016",257
"1262","Audio-visual technology","2016",89
"1263","Basic communication processes","2016",94
"1264","Basic materials chemistry ","2016",171
"1265","Biotechnology","2016",977
"1266","Chemical engineering","2016",207
"1267","Civil engineering","2016",27
"1268","Computer technology","2016",524
"1269","Control","2016",57
"1270","Digital communication","2016",164
"1271","Electrical machinery, apparatus, energy","2016",435
"1272","Engines, pumps, turbines","2016",184
"1273","Environmental technology","2016",81
"1274","Food chemistry","2016",22
"1275","Furniture, games","2016",3
"1276","Handling","2016",41
"1277","IT methods for management","2016",17
"1278","Machine tools","2016",32
"1279","Macromolecular chemistry, polymers","2016",79
"1280","Materials, metallurgy","2016",156
"1281","Measurement","2016",578
"1282","Mechanical elements","2016",62
"1283","Medical technology","2016",395
"1284","Micro-structural and nano-technology","2016",23
"1285","Optics","2016",259
"1286","Organic fine chemistry","2016",429
"1287","Other consumer goods","2016",17
"1288","Other special machines","2016",130
"1289","Pharmaceuticals","2016",747
"1290","Semiconductors","2016",412
"1291","Surface technology, coating","2016",122
"1292","Telecommunications","2016",158
"1293","Textile and paper machines","2016",21
"1294","Thermal processes and apparatus","2016",31
"1295","Transport","2016",113
"1296","Analysis of biological materials","2017",312
"1297","Audio-visual technology","2017",98
"1298","Basic communication processes","2017",78
"1299","Basic materials chemistry ","2017",161
"1300","Biotechnology","2017",1046
"1301","Chemical engineering","2017",206
"1302","Civil engineering","2017",23
"1303","Computer technology","2017",493
"1304","Control","2017",68
"1305","Digital communication","2017",193
"1306","Electrical machinery, apparatus, energy","2017",452
"1307","Engines, pumps, turbines","2017",190
"1308","Environmental technology","2017",80
"1309","Food chemistry","2017",15
"1310","Furniture, games","2017",11
"1311","Handling","2017",45
"1312","IT methods for management","2017",24
"1313","Machine tools","2017",45
"1314","Macromolecular chemistry, polymers","2017",102
"1315","Materials, metallurgy","2017",141
"1316","Measurement","2017",576
"1317","Mechanical elements","2017",75
"1318","Medical technology","2017",482
"1319","Micro-structural and nano-technology","2017",29
"1320","Optics","2017",284
"1321","Organic fine chemistry","2017",412
"1322","Other consumer goods","2017",20
"1323","Other special machines","2017",153
"1324","Pharmaceuticals","2017",851
"1325","Semiconductors","2017",378
"1326","Surface technology, coating","2017",130
"1327","Telecommunications","2017",154
"1328","Textile and paper machines","2017",22
"1329","Thermal processes and apparatus","2017",43
"1330","Transport","2017",125
